Segment,accounts,bad_rate,avg_income,avg_credit_limit
0,150,14.0,1166888.3318,593830.4513333334
1,152,10.53,1302237.5772368421,1713694.0147368421
2,172,5.23,1447004.8815697674,2171309.849767442
3,150,10.67,996849.6006666666,1327362.4722666666
