feature,coefficient
Avg_Monthly_Salary_Credit,-1.0290761500229575
ECS_Mandate_Count,-1.0078913141446015
Age,-0.9588922987311295
Employment_Years,-0.8592066198496974
Savings_Account_Balance,-0.821790660971258
Outstanding_Loans,-0.793030588913558
Income_INR,-0.790937612638693
Newest_Trade_Open_Months,-0.7853782171148174
Total_EMI_Paid,-0.7664459490587167
Cash_Withdrawal_3M,-0.7449768157260592
Interest_Rate_Pct,-0.5558723081818016
No_of_Open_Accounts,-0.5273249322212462
