,AUC,Gini,KS,n,bad_rate
train,0.9618585696246126,0.9237171392492252,84.29571805762828,624.0,0.09935897435897435
test,0.8881204856308591,0.7762409712617182,65.59090210542492,268.0,0.10074626865671642
oot,0.9215686274509804,0.8431372549019609,75.49019607843137,108.0,0.05555555555555555
