Decile,accounts,bads,avg_score,bad_rate_pct,cum_bads_pct
0,28,14,475.35714285714283,50.0,51.9
1,26,4,522.4615384615385,15.38,66.7
2,27,5,550.1481481481482,18.52,85.2
3,26,3,570.9615384615385,11.54,96.3
4,27,0,593.5925925925926,0.0,96.3
5,31,1,610.6774193548387,3.23,100.0
6,22,0,621.6818181818181,0.0,100.0
7,29,0,635.9655172413793,0.0,100.0
8,26,0,652.1923076923077,0.0,100.0
9,26,0,680.0,0.0,100.0
